-- -----------------------------------------------------
-- Data for table `degree_group`
-- -----------------------------------------------------
START TRANSACTION;
 
INSERT INTO `degree_group` (`iddegree_group`, `name`) VALUES (1, 'Informatik');
INSERT INTO `degree_group` (`iddegree_group`, `name`) VALUES (2, 'Mikrosystemtechnik');

COMMIT;

-- -----------------------------------------------------
-- Data for table `degree`
-- -----------------------------------------------------
START TRANSACTION;
 
INSERT INTO `degree` (`iddegree`, `degree_group_iddegree_group`, `name`) VALUES (1, 1, 'Informatik (Bachelor)');
INSERT INTO `degree` (`iddegree`, `degree_group_iddegree_group`, `name`) VALUES (2, 1, 'Informatik (Master)');
INSERT INTO `degree` (`iddegree`, `degree_group_iddegree_group`, `name`) VALUES (3, 2, 'Mikrosystemtechnik (Bachelor)');
INSERT INTO `degree` (`iddegree`, `degree_group_iddegree_group`, `name`) VALUES (4, 2, 'Mikrosystemtechnik (Master)');

COMMIT;

-- -----------------------------------------------------
-- Data for table `course`
-- -----------------------------------------------------
START TRANSACTION;
 
INSERT INTO `course` (`idcourse`, `name`) VALUES (1, 'Datenbanken I');
INSERT INTO `course` (`idcourse`, `name`) VALUES (2, 'Mustererkennung I');
INSERT INTO `course` (`idcourse`, `name`) VALUES (3, 'Informatik I');
INSERT INTO `course` (`idcourse`, `name`) VALUES (4, 'Rechnerarchitektur');
INSERT INTO `course` (`idcourse`, `name`) VALUES (5, 'Simulation');
INSERT INTO `course` (`idcourse`, `name`) VALUES (6, 'Messtechnik (Praktikum)');
INSERT INTO `course` (`idcourse`, `name`) VALUES (7, 'Halbleiter');
INSERT INTO `course` (`idcourse`, `name`) VALUES (8, 'Nanotechnology');

COMMIT;

-- -----------------------------------------------------
-- Data for table `semester`
-- -----------------------------------------------------
START TRANSACTION;
 
INSERT INTO `semester` (`idsemester`, `name`) VALUES (1, 'WS 2010/11');
INSERT INTO `semester` (`idsemester`, `name`) VALUES (2, 'SS 2011');
INSERT INTO `semester` (`idsemester`, `name`) VALUES (3, 'WS 2011/12');
INSERT INTO `semester` (`idsemester`, `name`) VALUES (4, 'SS 2012');

COMMIT;

-- -----------------------------------------------------
-- Data for table `exam_type`
-- -----------------------------------------------------
START TRANSACTION;
 
INSERT INTO `exam_type` (`idexam_type`, `name`) VALUES (1, 'Klausur');
INSERT INTO `exam_type` (`idexam_type`, `name`) VALUES (2, 'Protokoll');

COMMIT;

-- -----------------------------------------------------
-- Data for table `exam_sub_type`
-- -----------------------------------------------------
START TRANSACTION;
 
INSERT INTO `exam_sub_type` (`idexam_sub_type`, `name`) VALUES (1, 'mit L&ouml;sung');
INSERT INTO `exam_sub_type` (`idexam_sub_type`, `name`) VALUES (2, 'ohne L&ouml;sung');

COMMIT;

-- -----------------------------------------------------
-- Data for table `exam_status`
-- -----------------------------------------------------
START TRANSACTION;
 
INSERT INTO `exam_status` (`idexam_status`, `name`) VALUES (1, 'public');
INSERT INTO `exam_status` (`idexam_status`, `name`) VALUES (2, 'unchecked');
INSERT INTO `exam_status` (`idexam_status`, `name`) VALUES (3, 'deleted');

COMMIT;

-- -----------------------------------------------------
-- Data for table `exam_degree`
-- -----------------------------------------------------
START TRANSACTION;
 
INSERT INTO `exam_degree` (`idexam_degree`, `name`) VALUES (1, 'Bachelor');
INSERT INTO `exam_degree` (`idexam_degree`, `name`) VALUES (2, 'Master');
INSERT INTO `exam_degree` (`idexam_degree`, `name`) VALUES (3, 'Diploma');

COMMIT;

-- -----------------------------------------------------
-- Data for table `university`
-- -----------------------------------------------------
START TRANSACTION;
 
INSERT INTO `university` (`iduniversity`, `name`) VALUES (1, 'University of Freiburg');
INSERT INTO `university` (`iduniversity`, `name`) VALUES (2, 'University of Hamburg');
INSERT INTO `university` (`iduniversity`, `name`) VALUES (3, 'University of Karlsruhe');

COMMIT;

-- -----------------------------------------------------
-- Data for table `exam`
-- -----------------------------------------------------
START TRANSACTION;
 
INSERT INTO `exam` (`idexam`, `semester_idsemester`, `exam_type_idexam_type`, `exam_sub_type_idexam_sub_type`, `exam_status_idexam_status`, `exam_degree_idexam_degree`, `university_iduniversity`, `comment`) VALUES (1, 1, 1, 2, 1, 1, 1, 'Note:');
INSERT INTO `exam` (`idexam`, `semester_idsemester`, `exam_type_idexam_type`, `exam_sub_type_idexam_sub_type`, `exam_status_idexam_status`, `exam_degree_idexam_degree`, `university_iduniversity`, `comment`) VALUES (2, 2, 1, 2, 1, 2, 2, NULL);
INSERT INTO `exam` (`idexam`, `semester_idsemester`, `exam_type_idexam_type`, `exam_sub_type_idexam_sub_type`, `exam_status_idexam_status`, `exam_degree_idexam_degree`, `university_iduniversity`, `comment`) VALUES (3, 1, 2, 2, 1, 1, 3, NULL);
INSERT INTO `exam` (`idexam`, `semester_idsemester`, `exam_type_idexam_type`, `exam_sub_type_idexam_sub_type`, `exam_status_idexam_status`, `exam_degree_idexam_degree`, `university_iduniversity`, `comment`) VALUES (4, 3, 1, 1, 1, 3, 1, NULL);
INSERT INTO `exam` (`idexam`, `semester_idsemester`, `exam_type_idexam_type`, `exam_sub_type_idexam_sub_type`, `exam_status_idexam_status`, `exam_degree_idexam_degree`, `university_iduniversity`, `comment`) VALUES (5, 4, 2, 1, 1, 2, 1, NULL);

COMMIT;

-- -----------------------------------------------------
-- Data for table `lecturer`
-- -----------------------------------------------------
START TRANSACTION;
 
INSERT INTO `lecturer` (`idlecturer`, `name`, `first_name`, `degree`) VALUES (1, 'Huber', 'D. R.', 'Prof.');
INSERT INTO `lecturer` (`idlecturer`, `name`, `first_name`, `degree`) VALUES (2, 'Schwerkel', 'A.', 'Prof. Dr.');
INSERT INTO `lecturer` (`idlecturer`, `name`, `first_name`, `degree`) VALUES (3, 'Nubra', 'W.', 'Dr.');
INSERT INTO `lecturer` (`idlecturer`, `name`, `first_name`, `degree`) VALUES (4, 'Adams', 'S. G.', 'Prof. Dr.');
INSERT INTO `lecturer` (`idlecturer`, `name`, `first_name`, `degree`) VALUES (5, 'Gerbert', '', '');

COMMIT;

-- -----------------------------------------------------
-- Data for table `document`
-- -----------------------------------------------------
START TRANSACTION;
 
INSERT INTO `document` (`iddocument`, `extention`, `submit_file_name`, `data`, `deleted`, `exam_idexam`) VALUES (1, '.pdf', 'zusammenfassung.pdf', NULL, 0, 1);
INSERT INTO `document` (`iddocument`, `extention`, `submit_file_name`, `data`, `deleted`, `exam_idexam`) VALUES (2, '.pdf', '1.pdf', NULL, 0, 2);
INSERT INTO `document` (`iddocument`, `extention`, `submit_file_name`, `data`, `deleted`, `exam_idexam`) VALUES (3, '.zip', 'exam.zip', NULL, 0, 3);
INSERT INTO `document` (`iddocument`, `extention`, `submit_file_name`, `data`, `deleted`, `exam_idexam`) VALUES (4, '.pdf', '012930.pdf', NULL, 0, 4);
INSERT INTO `document` (`iddocument`, `extention`, `submit_file_name`, `data`, `deleted`, `exam_idexam`) VALUES (5, '.tar.gz', 'w12.tar.gz', NULL, 0, 5);

COMMIT;

-- -----------------------------------------------------
-- Data for table `degree_has_course`
-- -----------------------------------------------------
START TRANSACTION;
 
INSERT INTO `degree_has_course` (`degree_iddegree`, `course_idcourse`) VALUES (1, 1);
INSERT INTO `degree_has_course` (`degree_iddegree`, `course_idcourse`) VALUES (1, 2);
INSERT INTO `degree_has_course` (`degree_iddegree`, `course_idcourse`) VALUES (1, 3);
INSERT INTO `degree_has_course` (`degree_iddegree`, `course_idcourse`) VALUES (1, 4);
INSERT INTO `degree_has_course` (`degree_iddegree`, `course_idcourse`) VALUES (2, 1);
INSERT INTO `degree_has_course` (`degree_iddegree`, `course_idcourse`) VALUES (2, 3);
INSERT INTO `degree_has_course` (`degree_iddegree`, `course_idcourse`) VALUES (2, 4);
INSERT INTO `degree_has_course` (`degree_iddegree`, `course_idcourse`) VALUES (3, 5);
INSERT INTO `degree_has_course` (`degree_iddegree`, `course_idcourse`) VALUES (3, 6);
INSERT INTO `degree_has_course` (`degree_iddegree`, `course_idcourse`) VALUES (3, 7);
INSERT INTO `degree_has_course` (`degree_iddegree`, `course_idcourse`) VALUES (4, 8);
INSERT INTO `degree_has_course` (`degree_iddegree`, `course_idcourse`) VALUES (4, 6);

COMMIT;

-- -----------------------------------------------------
-- Data for table `exam_has_course`
-- -----------------------------------------------------
START TRANSACTION;
 
INSERT INTO `exam_has_course` (`exam_idexam`, `course_idcourse`) VALUES (1, 1);
INSERT INTO `exam_has_course` (`exam_idexam`, `course_idcourse`) VALUES (2, 3);
INSERT INTO `exam_has_course` (`exam_idexam`, `course_idcourse`) VALUES (3, 5);
INSERT INTO `exam_has_course` (`exam_idexam`, `course_idcourse`) VALUES (4, 7);
INSERT INTO `exam_has_course` (`exam_idexam`, `course_idcourse`) VALUES (5, 2);

COMMIT;

-- -----------------------------------------------------
-- Data for table `degree_has_lecturer`
-- -----------------------------------------------------
START TRANSACTION;
 
INSERT INTO `degree_has_lecturer` (`degree_iddegree`, `lecturer_idlecturer`) VALUES (1, 1);
INSERT INTO `degree_has_lecturer` (`degree_iddegree`, `lecturer_idlecturer`) VALUES (1, 2);
INSERT INTO `degree_has_lecturer` (`degree_iddegree`, `lecturer_idlecturer`) VALUES (1, 3);
INSERT INTO `degree_has_lecturer` (`degree_iddegree`, `lecturer_idlecturer`) VALUES (2, 2);
INSERT INTO `degree_has_lecturer` (`degree_iddegree`, `lecturer_idlecturer`) VALUES (2, 3);
INSERT INTO `degree_has_lecturer` (`degree_iddegree`, `lecturer_idlecturer`) VALUES (2, 4);
INSERT INTO `degree_has_lecturer` (`degree_iddegree`, `lecturer_idlecturer`) VALUES (3, 2);
INSERT INTO `degree_has_lecturer` (`degree_iddegree`, `lecturer_idlecturer`) VALUES (3, 3);
INSERT INTO `degree_has_lecturer` (`degree_iddegree`, `lecturer_idlecturer`) VALUES (3, 4);
INSERT INTO `degree_has_lecturer` (`degree_iddegree`, `lecturer_idlecturer`) VALUES (4, 4);
INSERT INTO `degree_has_lecturer` (`degree_iddegree`, `lecturer_idlecturer`) VALUES (4, 5);

COMMIT;

-- -----------------------------------------------------
-- Data for table `exam_has_lecturer`
-- -----------------------------------------------------
START TRANSACTION;
 
INSERT INTO `exam_has_lecturer` (`exam_idexam`, `lecturer_idlecturer`) VALUES (1, 3);
INSERT INTO `exam_has_lecturer` (`exam_idexam`, `lecturer_idlecturer`) VALUES (2, 2);
INSERT INTO `exam_has_lecturer` (`exam_idexam`, `lecturer_idlecturer`) VALUES (3, 5);
INSERT INTO `exam_has_lecturer` (`exam_idexam`, `lecturer_idlecturer`) VALUES (4, 4);
INSERT INTO `exam_has_lecturer` (`exam_idexam`, `lecturer_idlecturer`) VALUES (5, 1);
INSERT INTO `exam_has_lecturer` (`exam_idexam`, `lecturer_idlecturer`) VALUES (2, 3);
INSERT INTO `exam_has_lecturer` (`exam_idexam`, `lecturer_idlecturer`) VALUES (5, 3);
INSERT INTO `exam_has_lecturer` (`exam_idexam`, `lecturer_idlecturer`) VALUES (5, 2);

COMMIT;

-- -----------------------------------------------------
-- Data for table `course_has_course`
-- -----------------------------------------------------
START TRANSACTION;
 
INSERT INTO `course_has_course` (`course_idcourse`, `course_idcourse1`, `course_has_relationship`) VALUES (1, 2, 100);
INSERT INTO `course_has_course` (`course_idcourse`, `course_idcourse1`, `course_has_relationship`) VALUES (8, 7, 100);
INSERT INTO `course_has_course` (`course_idcourse`, `course_idcourse1`, `course_has_relationship`) VALUES (5, 6, 100);
INSERT INTO `course_has_course` (`course_idcourse`, `course_idcourse1`, `course_has_relationship`) VALUES (3, 2, 100);
INSERT INTO `course_has_course` (`course_idcourse`, `course_idcourse1`, `course_has_relationship`) VALUES (4, 3, 100);
INSERT INTO `course_has_course` (`course_idcourse`, `course_idcourse1`, `course_has_relationship`) VALUES (7, 6, 100);

COMMIT;